relative_path,size_bytes,sha256
logs/eval_resources_verified.json,606,77ae82e2e04ecb25da7708910d3d719a7d60bc77317e5739d636b0575fa8e098
logs/octo_atomic_combined_20260928_021558.exit,2,9a271f2a916b0b6ee6cecb2426f0b3206ef074578be55d9bc94f6f3fe3ab86aa
logs/octo_atomic_combined_20260928_021558.log,4495,eb6fc961d2b88c2935b196ba26665758c563498cba5968ba6aadf0ebd21c6657
logs/octo_atomic_full_20260927_021655.exit,2,4355a46b19d348dc2f57c046f8ef63d4538ebb936000f3c9ee954a27460dd865
logs/octo_atomic_full_20260927_021655.log,67109,18622ae18cbd7313a0e37606b57e4ff1fa3eb733bb857da9cad85cece96267c4
logs/octo_atomic_resume2_20260928_013647.exit_from_trap,2,9a271f2a916b0b6ee6cecb2426f0b3206ef074578be55d9bc94f6f3fe3ab86aa
logs/octo_atomic_resume2_20260928_013647.log,10899,43916eae122130f9cfce3542265b2fa2782d890c8e7f23d4d1518c89756a0f50
logs/octo_atomic_resume2_20260928_013647.stopped,355,7eb017126e27cfa0117d2b8eb1dcf9046e390f416b6a90042eff2d5bdfff17ab
logs/octo_atomic_resume2_20260928_013647.switch_to_parallel,24,c9b6f37c576a4a0dfd7758fba8e4fe9b627ec6532b3cfe9760fade2330d12892
logs/octo_atomic_resume_20260927_092850.interrupted,282,aeacd95de705e7b67534b3e45738d005da102166dca6c87ec9987c9d0c1aa7f5
logs/octo_atomic_resume_20260927_092850.log,88350,beae843ccedc337677b3b3db37603559bfbbc6906077c9d8c12dc26ae7b968e3
logs/octo_download_manifest.json,1328,04411fd079069453a8e364bd088643e25dc7c325d7180a499e8f74960b9b2124
logs/octo_parallel_20260928_021558_config18.log,9483,8e887ee7143ff20e4e28f71d4cfabed0bf16149f104c3aa8f3211575907bb0a3
logs/octo_parallel_20260928_021558_config19.log,9493,92ca7000b7bd935e953b526861ca24592cfb5971352aa0a1de43ad370c391c48
logs/octo_parallel_20260928_021558_config20.log,9225,314533ac6d12d6d95f500d71b02cacf9770ac9c7b5b803170f15d3f3712b02ed
logs/octo_parallel_20260928_021558_config21.log,9224,ec9134cb664b0f2ee9ad56c9053f5cbc0d755acbbdb72530399724912ea9f608
logs/octo_parallel_20260928_021558_config22.log,9224,99ba3fcd4f04b096804cdc417e91b7b58d4f879526c005ea1ad3da7e4dbf3aa1
logs/octo_parallel_20260928_021558_config23.log,9224,0fd0ce924421b5e9e448df4a39324c1af1cacbc7e09130b063f84e58c8b39cb3
logs/octo_parallel_20260928_021558_config24.log,9224,95dc7b3504cf36211a6c62717cd734d4156c7fa797fb0394808a3aad24a758c6
logs/octo_parallel_20260928_021558_config25.log,9234,86d563474ba05bcee2761f001c31b81e92f9ee10a3237e85f66f4436abd66a33
logs/octo_parallel_20260928_021558_config26.log,9229,22fde6e9f7bc0591124e845d643b3e4067596ad1ae76f4c9e99e16dbce1f1b59
logs/octo_parallel_20260928_021558_config27.log,9238,127faec2eca06d33455a2dd5aa202bfbd399361dd04af782e87122ce5c01b151
logs/octo_parallel_20260928_021558_config28.log,9159,93e3f49d4d27d7a505488a3c3099e6c82949eb63e887665390852ee1d7e063f0
logs/octo_parallel_20260928_021558_config29.log,9160,9209c369a4df6b95ce243c236e5745151878518c61b92f413dd67d6b1c808640
logs/octo_parallel_20260928_021558_config30.log,9492,cf074b9942f0c092cc6a53654e8f74e29c2a98b7156ce6c31b6fa5769098b755
logs/octo_parallel_20260928_021558_config31.log,9641,9fa9955415bdf7215fad6b2bc5f40039354a9dc58d74f87f2bb0215947427b88
logs/octo_parallel_20260928_021558_config32.log,9225,82186b11e504fa9dbd6e23b3c3e3d0f2441bacc1672a699712a8108450071ed2
logs/octo_parallel_20260928_021558_config33.log,9224,a2581b3c3b2453089124dbf8b449b419565d78fd5cd9c5e5442d81af474c4acf
logs/octo_parallel_20260928_021558_config34.log,9224,9d6825ea206895cb0244275c0b32c937f3cbb99877d035e1dd276a5ea0e2a5b1
logs/octo_parallel_20260928_021558_config35.log,9224,ca605f9a888a71f0ec3330d3d2dfe09967cde6b92ce1061b92a8ef5c672af389
logs/octo_parallel_20260928_021558_config36.log,9224,857503f27c38478aee8107279012a2c1fa100cc1f11c1a94c1b6e9a89a23d2db
logs/octo_parallel_20260928_021558_config37.log,9232,ec2cf4456915c08259a8b3227410231c2cc3139e87f159a07edd15f88b37fa1d
logs/octo_parallel_20260928_021558_config38.log,9227,e2762628a4a365b8b297fb4b03a848c831cd979d5c0e25b66a6b3869400851db
logs/octo_parallel_20260928_021558_config39.log,9225,3b4cd0d601c1fb99294ff85a4e546059acdd8684c04b1869f551480f57284ff1
logs/octo_parallel_20260928_021558_config40.log,9224,ec0f203a65953320fac8db9bbb16ed0736e02882851d0603ce0b5c1773606202
logs/octo_parallel_20260928_021558_config41.log,9225,0db3101347c9552af8381d393862ad4b7e0207a5eb712069deee29778253bdc2
logs/octo_parallel_20260928_021558_config42.log,9223,d44f43ad076416b294f0c90d09e12ccccf77ffd0d4ec078aa583af32df671955
logs/octo_parallel_20260928_021558_finalize.exit,2,9a271f2a916b0b6ee6cecb2426f0b3206ef074578be55d9bc94f6f3fe3ab86aa
logs/octo_parallel_20260928_021558_finalize.log,245,3e558493feeef6bf323f50576a6163fd562919a340041f65d9d6f9e7343c56c8
logs/octo_parallel_20260928_021558_manifest.json,1267,fea580f0c214ce90c52826618a4fba3b2922f1953ae28a3489ee45625baf0f0d
logs/octo_parallel_20260928_021558_server0.log,3409,0fbac67ac5a07e377c2b7e914b3e4649f30a96806f916c4a240a48368a15c0e3
logs/octo_parallel_20260928_021558_server1.log,3409,9c00549507f4e20bc4fa0b8cef41cfcd8fb8cb815022d42e4156e3ff8eb3389f
logs/octo_parallel_20260928_021558_server2.log,3448,4575d0c20f1f046b3b00eddbfdb2cb8eae14c3726f5fc13bfa689f154c35aca7
logs/octo_parallel_20260928_021558_server3.log,3409,4e6c61689b708760931dc046bbc7335e0ff46847c4a5c2d59b57d75670aec3b4
logs/octo_parallel_20260928_021558_success_rates.csv,3272,aefa60f24b39a786cc05fda02e2cda380936f425288d20796b2c6bb630ac1c69
logs/octo_parallel_20260928_021558_w0.exit,2,9a271f2a916b0b6ee6cecb2426f0b3206ef074578be55d9bc94f6f3fe3ab86aa
logs/octo_parallel_20260928_021558_w0.log,510,501e2372845010a3e116e4cf99759e71f8a671c91abe11ffff9e736db329fec8
logs/octo_parallel_20260928_021558_w0.sh,5402,804b2031178e67c9af4d8d3a8744e3f9da0485147135c025b668b4a4f21663f2
logs/octo_parallel_20260928_021558_w1.exit,2,9a271f2a916b0b6ee6cecb2426f0b3206ef074578be55d9bc94f6f3fe3ab86aa
logs/octo_parallel_20260928_021558_w1.log,510,a3d6994a166cbdc0cbb786d7a07a6f11bbb3afbde334fbaac572e523a7e31f13
logs/octo_parallel_20260928_021558_w1.sh,5316,6c9f2aaac2cd2513d46783460f18f080ddc362442dfd7a69269b23bd037c8b12
logs/octo_parallel_20260928_021558_w2.exit,2,9a271f2a916b0b6ee6cecb2426f0b3206ef074578be55d9bc94f6f3fe3ab86aa
logs/octo_parallel_20260928_021558_w2.log,589,bd42f97d53ecf5f6937ea0a38435c209e8cbe000ebb00b2e2dd563e64bc6ae4d
logs/octo_parallel_20260928_021558_w2.sh,5777,d83203b7b4d1eb5e9cc0efa64aa48890135192efc807e6b2ffbd300a10156f71
logs/octo_parallel_20260928_021558_w3.exit,2,9a271f2a916b0b6ee6cecb2426f0b3206ef074578be55d9bc94f6f3fe3ab86aa
logs/octo_parallel_20260928_021558_w3.log,510,cb82739e39b96bb92cad4040559df1d52edf9d30cac900413e7e1937e672e0d6
logs/octo_parallel_20260928_021558_w3.sh,5354,7966696c2e456c87cd97e4e29d15a7b97eb531c733d826984b9f9e96f4d9cc93
