relative_path,size_bytes,sha256
logs/pi05_atomic_combined_20261002_105333.exit,2,9a271f2a916b0b6ee6cecb2426f0b3206ef074578be55d9bc94f6f3fe3ab86aa
logs/pi05_atomic_combined_20261002_105333.log,4797,ff3b3d616a2b467ad18c0ba605eaee24fcc586154fd7ca5aaeb57718d00bc3f8
logs/pi05_parallel_20261002_105333_config01.log,9263,7a53ecb076ee8bcd936110039760c00a89ced07e42b6bfd4b47b49850cb4952f
logs/pi05_parallel_20261002_105333_config02.log,9257,c50cb571a2ac3157e976db19604ffb51f45137a0882e4153aaff00526a903d6c
logs/pi05_parallel_20261002_105333_config03.log,9273,b932d2a43c51fa6441b228355b355758c91cd596006884751a434c8607b747c7
logs/pi05_parallel_20261002_105333_config04.log,9159,e896dd4f596dbce0f34850780ee12bfbde596a09912d603cc8f18054d6039080
logs/pi05_parallel_20261002_105333_config05.log,9390,34d428e275184233e4bd0305e2d0df1191b43d1233f2c5c7e480338e6c4f824d
logs/pi05_parallel_20261002_105333_config06.log,9504,54c4d173d191e4796a935eb9891c56849d8124bc9188c1b1d9ad046c5a6f4622
logs/pi05_parallel_20261002_105333_config07.log,9658,f20d7f6cdba3cf59ed922df31d5a4aecf13a1b84f8adcc497ad3b9acdfbe4d0d
logs/pi05_parallel_20261002_105333_config08.log,9225,a5af66d128de4a89d313d09c377ddc2c6f8d244c6965bbcae906afbd31e2a5f4
logs/pi05_parallel_20261002_105333_config09.log,9227,4174437c32b929f119c42f06c028438b391d5a0a56ac0a533f4dd7a3fa576efa
logs/pi05_parallel_20261002_105333_config10.log,9224,c8818e635b4b7ee8fb3f8be48840e589cdd970e40a59a01450de63658d58b60f
logs/pi05_parallel_20261002_105333_config11.log,9224,bc9f91c91d3b1324a66160b85568e1d11c43d0d8a833a53bc8302db9e548f3a1
logs/pi05_parallel_20261002_105333_config12.log,9224,c897cf430d71a922fe99d6806907bba2a9c56557a5ce1504e278aa573125243b
logs/pi05_parallel_20261002_105333_config13.log,9231,7400c008d58695e9ba6e80c70c3f06e0ee4d960d8ca8a75e1862346608c04299
logs/pi05_parallel_20261002_105333_config14.log,9233,2d36cc0788b408068223b2fee198ab3cd05e3daea2b3abd594a4c85d82c66946
logs/pi05_parallel_20261002_105333_config15.log,9236,80d0ab3ed3a7fa1f5808bb0b9a87c250c53653f81570fff6cf13b6b1e34a2534
logs/pi05_parallel_20261002_105333_config16.log,9159,61849302ec229e9a48e607c24d62fa7a6810521b39acb15a79ae7b01fa2e9244
logs/pi05_parallel_20261002_105333_config17.log,9374,bf8c4233018286b1419330826eefce576b2dcb6d36654495f7590ea6f9cd66fa
logs/pi05_parallel_20261002_105333_config18.log,9687,9fd1d4e4597eed1aa68c162fd15ce5d63c17bda006baeab7e4e8cdf3d5fe5474
logs/pi05_parallel_20261002_105333_config19.log,9674,2c016140749902eaf4182eb44e97f2c87d377e706ffa139fd532369fbdba528a
logs/pi05_parallel_20261002_105333_config20.log,9225,3ccd817a5ff373fc52a19630c24ac6764167592e964ed81237e210dee309df4b
logs/pi05_parallel_20261002_105333_config21.log,9224,5221a9bb3eb15c084bccc21d14ddec7913bcea1a6235e32ae055266beec8d6b5
logs/pi05_parallel_20261002_105333_config22.log,9224,7483b4085f389e1e4583fd250fb24e7d251ec012a3b3d1be891f32cb0fa4e2d8
logs/pi05_parallel_20261002_105333_config23.log,9224,28fd43aaad0be30ca34839551291696d38189dc3ff9929de1670be19ed386b1e
logs/pi05_parallel_20261002_105333_config24.log,9224,f0b6213bbda644469b1991b22b742cfc6bacf39a7cfa62ce900c6b3e73b7ac60
logs/pi05_parallel_20261002_105333_config25.log,9242,4b413a88714c070e1c00cbc1ea67af9f5249f54bd24dbed3f6df81001f2a449e
logs/pi05_parallel_20261002_105333_config26.log,9250,0ced796c547fa12b8e0b435720d4135923d51a102cf1415961de0ef0a775e4e0
logs/pi05_parallel_20261002_105333_config27.log,9259,fed302cd3579bbef6e42588842175b7415aa234931903963d894d51573f0197a
logs/pi05_parallel_20261002_105333_config28.log,9190,e530db237df3556c5a81821fb1a0a190f418c3625e245afb25216be7abeb0903
logs/pi05_parallel_20261002_105333_config29.log,9419,45d2578255373009fcda6b9ec4f9b53b190a1a33ac6edf60e3b67e6d7906e3d0
logs/pi05_parallel_20261002_105333_config30.log,9496,488a426ab4b1cb344bb781095ed711b66217346d506ea7c68e6637841ba88cef
logs/pi05_parallel_20261002_105333_config31.log,9641,68791bfe15eff45d808962a2f586eb6eae92b8154b0c90e448251dbf4d945d77
logs/pi05_parallel_20261002_105333_config32.log,9228,37b4a60803b13f95bb4e1aae19d0cd70b2b5c61cdb063f63b5a8b5eb4c3bd36e
logs/pi05_parallel_20261002_105333_config33.log,9224,22ac6fa01cc7bb383130a11076fb1c10da174b7aeb3067d9a18336b8713b9c1a
logs/pi05_parallel_20261002_105333_config34.log,9224,8495dc47204c1f7cf13f93dbd6530bac02efa659d5a1a6d40b1f2cdfd6caecc3
logs/pi05_parallel_20261002_105333_config35.log,9224,0671901f093dd82e3941e183cbec9ade1b6d0db0ec21017e745fe05b3f58f0de
logs/pi05_parallel_20261002_105333_config36.log,9224,c466eb290daf97621ed80f22f17ef6e9bc3b33cf7d640d13283f840b355fc20a
logs/pi05_parallel_20261002_105333_config37.log,9232,ff5599e536bc2cf744bbdd93ca6f55832737b4b5f65e4ebd6c5335c2f6c703d4
logs/pi05_parallel_20261002_105333_config38.log,9227,b372e44da92391acc7dc1182120bfe31cc72683254b247a0633e9a25734b86a9
logs/pi05_parallel_20261002_105333_config39.log,9225,8b6aff31f9dff16ea49e1273e34c5bfa47268d6ad75a7ccdd2d1287865dc48f6
logs/pi05_parallel_20261002_105333_config40.log,9224,b2b3fe7c942df954d392ee9646f8153e968fcf9dd8def1619f957c20b061a898
logs/pi05_parallel_20261002_105333_config41.log,9225,85731fb55decfc6398f42e8ef88621532e2c46a3e68e7c8afb72c34dd752400c
logs/pi05_parallel_20261002_105333_config42.log,9223,63cb108dabc4f7634881b79c8c7b830df4a41aae90db57f5504b882b7a824771
logs/pi05_parallel_20261002_105333_finalize.exit,2,9a271f2a916b0b6ee6cecb2426f0b3206ef074578be55d9bc94f6f3fe3ab86aa
logs/pi05_parallel_20261002_105333_finalize.log,255,afd5d2ba1c8d166c39226e38e42d3cbe00c66ec5a8e2423889bf012242c926ca
logs/pi05_parallel_20261002_105333_manifest.json,2291,fb7a9dcdd30ab565d4d938f5801f3dd96de8e8f5d5ab8fc7e84b6c69e17b18d6
logs/pi05_parallel_20261002_105333_success_rates.csv,3417,7daebb25c2c2af9aaf8f7000646c7f7b67d2329a54e558f7549d6cebe09ccba1
logs/pi05_parallel_20261002_105333_w0.exit,2,9a271f2a916b0b6ee6cecb2426f0b3206ef074578be55d9bc94f6f3fe3ab86aa
logs/pi05_parallel_20261002_105333_w0.log,826,d79d384dbedd3cedb67dc4504bb179c1fcd2bff1fd25d7ab5a9e43b422b2a5b2
logs/pi05_parallel_20261002_105333_w0.sh,7127,bf5cfdac7394c71ee092ecf02d60149daaf12cbc321a296280112db8b1ae4e90
logs/pi05_parallel_20261002_105333_w1.exit,2,9a271f2a916b0b6ee6cecb2426f0b3206ef074578be55d9bc94f6f3fe3ab86aa
logs/pi05_parallel_20261002_105333_w1.log,826,672b59d508d05e2ed95d874db16e95854554199f648535a8922a02d539b18edd
logs/pi05_parallel_20261002_105333_w1.sh,7119,b47d20b1e49589ee8c5d324c8da5a0a4f3c0d5cfb4ee141592cc862d271bbd2c
logs/pi05_parallel_20261002_105333_w2.exit,2,9a271f2a916b0b6ee6cecb2426f0b3206ef074578be55d9bc94f6f3fe3ab86aa
logs/pi05_parallel_20261002_105333_w2.log,905,bf5a4ec1952212660b6c24362a6a8cf89b977352dc2938efb82b9d3e036b48b4
logs/pi05_parallel_20261002_105333_w2.sh,7796,36dcc7ce2ba1e70a3aaf679bcec083495775ab2ff8678bbee3b09d0ca131aa39
logs/pi05_parallel_20261002_105333_w3.exit,2,9a271f2a916b0b6ee6cecb2426f0b3206ef074578be55d9bc94f6f3fe3ab86aa
logs/pi05_parallel_20261002_105333_w3.log,905,22e1bf57469932c5d043096aa20a70993ef2ce859f29f35176836b6e49d21534
logs/pi05_parallel_20261002_105333_w3.sh,7793,4555e78a01c9e931ce287b98328757a105c0ed250eb0dd5273de91e3c2e09779
logs/pi05_prepare_20261002_091757_verify.exit,2,9a271f2a916b0b6ee6cecb2426f0b3206ef074578be55d9bc94f6f3fe3ab86aa
logs/pi05_prepare_20261002_091757_verify.log,1160,4c0cd619b7ae9722a9140ca4517b0848d40180b7e6d0614c6f9936d273ab110e
logs/pi05_server_20261002_104600.log,11951,c6d5db0f4ce9105bc8ae56041c50b14aadb9c6ef6b61dd7419895218e2f59e37
